Mittelalternamen,Standardnamen,Scifi Namen
,,
Enno der Hungrige,Hendrik,Laser Lars
Hermann Torfsohn,Lukas,Turbo Tabea
Susi die Lustige,Peter,Jens Rocket
Ekelbert,Hannes,Space Sandra
Rudi Schnupfnase,Herbert,Genno Galaxy
Erna Breitmaul,Christiane,Hansi Hussle
Peter Pustelpo,Alfred,Wusel Werner
Die Tapfere Traudl,Ferdinant,Super Sibille
Johannes von Röh,Fred,Ultra Thomas
Lukas der Blonde,Jasper,Robo Renas
Erik Stinkhaxe,Gisela,Pyro Petra
Klaudia Kuhkopf,Julia,Uwe
Hansi Hässlon,Eva,Chantalle
Peer der Mächtige,Hannah,Jenga Karsten
Pia Riesenbizeps,Johanna,Holo Hasso
Rinkelrank,Sofie,Hackerman
Bernd,Mia,Superhackerman
Dieter,Angela,Superhackerman+
Olaf,Mona,Hackerthorsten
Olaf der Feine,Franz,Digital David
Uwe Auchdabei,Joachim,Hackerwoman
Zola die Sorglose,Ralf,Chrome Cindy
Fischi Fischei,Otto,Handy Mandy
Greta Gärtner,Bert,Exo Elli
Ulla Unscheinbar,Ernie,Pascal Parsek
Saskia Sabber,Ingo,Nova Nils
Thalia Pastorentocher,Klara,Gamma Giselle
Karl Kraftprotz,Jems,Tobi Tüftler
Karla Kraftprotz,Ludwig,H4x0rM4n
Pferdezahn Piana,Ben,Furios Frederik
Roter Ralf,Svenja,Glizer Genno
Muskel Dennis,Sören,Andromeda
Otto Oberschlau,Werner,Darth Dennis
Komma Klara,Alex,Raketen Racelle
